{"cameraMode":{"drawMode":0,"name":"Shaded","section":"Shading Mode"},"sceneLighting":true,"audioPlay":false,"sceneViewState":{"m_AlwaysRefresh":false,"showFog":true,"showSkybox":true,"showFlares":true,"showImageEffects":true,"showParticleSystems":true,"showVisualEffectGraphs":true,"m_FxEnabled":true},"in2DMode":false,"pivot":{"x":-20.380266189575197,"y":1.1299968957901,"z":3.4052464962005617},"rotation":{"x":0.22683696448802949,"y":0.02513224631547928,"z":-0.0058927289210259918,"w":0.9736337661743164},"size":0.7842192649841309,"orthographic":false}