{"cameraMode":{"drawMode":2,"name":"Shaded Wireframe","section":"Shading Mode"},"sceneLighting":true,"audioPlay":false,"sceneViewState":{"m_AlwaysRefresh":false,"showFog":true,"showSkybox":true,"showFlares":true,"showImageEffects":true,"showParticleSystems":true,"showVisualEffectGraphs":true,"m_FxEnabled":true},"in2DMode":false,"pivot":{"x":35.00508117675781,"y":1.4032790660858155,"z":135.74990844726563},"rotation":{"x":0.33535483479499819,"y":0.040967900305986407,"z":-0.014570768922567368,"w":0.9411135911941528},"size":0.4490004777908325,"orthographic":false}